{
    "loss": 4.290152072906494,
    "accuracy": 0.46078431606292725
}